{"cameraMode":{"drawMode":0,"name":"Shaded","section":"Shading Mode"},"sceneLighting":true,"audioPlay":false,"sceneViewState":{"showFog":true,"showMaterialUpdate":false,"showSkybox":true,"showFlares":true,"showImageEffects":true,"showParticleSystems":true},"in2DMode":false,"pivot":{"x":-8.75304126739502,"y":4.31908655166626,"z":4.720103740692139},"rotation":{"x":0.2148294299840927,"y":0.7645950317382813,"z":-0.31742551922798159,"w":0.5183693170547485},"size":11.34689712524414,"orthographic":false}