{"cameraMode":{"drawMode":0,"name":"Shaded","section":"Shading Mode"},"sceneLighting":true,"audioPlay":false,"sceneViewState":{"showFog":true,"showMaterialUpdate":false,"showSkybox":true,"showFlares":true,"showImageEffects":true,"showParticleSystems":true},"in2DMode":false,"pivot":{"x":-3.45111083984375,"y":-13.852149963378907,"z":-26.494735717773439},"rotation":{"x":-0.08687005937099457,"y":-0.9113774299621582,"z":0.25251689553260805,"w":-0.31331774592399599},"size":73.74002838134766,"orthographic":false}