{"cameraMode":{"drawMode":0,"name":"Shaded","section":"Shading Mode"},"sceneLighting":true,"audioPlay":false,"sceneViewState":{"showFog":true,"showMaterialUpdate":false,"showSkybox":true,"showFlares":true,"showImageEffects":true,"showParticleSystems":true},"in2DMode":false,"pivot":{"x":-15.019533157348633,"y":1.1808834075927735,"z":2.6052989959716799},"rotation":{"x":0.0770362988114357,"y":-0.9224770665168762,"z":0.2826387286186218,"w":0.2514403462409973},"size":13.705470085144043,"orthographic":false}