{"cameraMode":{"drawMode":0,"name":"Shaded","section":"Shading Mode"},"sceneLighting":true,"audioPlay":false,"sceneViewState":{"showFog":true,"showMaterialUpdate":false,"showSkybox":true,"showFlares":true,"showImageEffects":true,"showParticleSystems":true},"in2DMode":false,"pivot":{"x":20.69690704345703,"y":1.881115436553955,"z":6.734344482421875},"rotation":{"x":-0.10448376834392548,"y":0.11331235617399216,"z":-0.01160894799977541,"w":-0.9880996346473694},"size":237.53977966308595,"orthographic":false}